students,teachers,calworks,lunch,computer,expenditure,income,english,math
-2433.792857142857,-118.16737658750444,-12.735841606628327,-42.664436770727235,-236.38333333333333,1072.5035917736232,7.3734124808084225,-15.768155158630439,690.0
-2388.792857142857,-117.91737658750444,2.1706587328797493,3.21146159047877,-202.38333333333333,-213.02668166387684,-5.4925876946676375,-11.18482166635139,661.900024414062
-1078.792857142857,-46.16737468015583,41.78625741146855,31.617364453027676,-134.38333333333333,189.54704880487316,-6.338588366054356,14.231846748718162,650.900024414062
-2385.792857142857,-115.06737620603474,23.22935738705455,32.343965100000275,-218.38333333333333,1789.4235136486232,-6.338588366054356,-15.768155158630439,643.5
-1293.792857142857,-57.56737620603474,19.86255898617565,33.72176508779327,-132.38333333333333,-76.41974807012684,-6.2362552972066965,-1.9104776989136383,639.900024414062
-2491.792857142857,-122.6673761106673,-0.9272416577452507,42.25126032705107,-278.3833333333333,267.73943161737316,-4.901588091396176,-3.3593960415039383,605.400024414062
-2433.792857142857,-119.06737620603474,-0.3428414807433491,49.918466137597974,-275.3833333333333,-59.07648635137684,-8.739587912105378,52.94979375494377,609.0
-1740.792857142857,-86.56737620603474,5.560257579315252,55.29476313466827,-237.38333333333333,-746.6614472888768,-7.142588266872227,31.191306053527764,612.5
-2249.792857142857,-110.06737620603474,18.94395699642955,48.43456416005887,-268.3833333333333,43.14079880487316,-7.931587824367337,14.311001716979963,616.099975585938
-381.792857142857,-21.067376206034737,65.74816002987674,42.61116175527377,-303.3833333333333,-276.19611525762684,-3.703255304836077,24.507765709289462,613.400024414062
-2182.792857142857,-108.06737620603474,5.363857890594549,41.169160412500275,-217.38333333333333,-764.7151582263768,-6.385588297389797,37.14664357794186,618.700012207031
-1641.792857142857,-82.06737620603474,58.46705498837285,53.900361584375275,-247.38333333333333,134.93767380487316,-7.931587824367337,38.84177678717036,616.0
-2525.792857142857,-124.06737620603474,9.18385758541875,53.42556147451208,-278.3833333333333,1254.7418730236232,-9.981588015102208,26.95028966558836,619.799987792969
-2141.792857142857,-104.72737605344683,11.363358165252752,32.443162487695574,-303.3833333333333,-493.79474807012684,-7.0375877709615775,4.76572507513416,622.599975585938
-1979.792857142857,-93.06737620603474,1.3918587221985508,31.565965222070574,-272.3833333333333,309.04851364862316,-5.686587938808257,64.35510533941647,621.0
-1776.792857142857,-86.99737651121055,10.968157435882649,49.590463207910474,-223.38333333333333,713.9523222423732,-7.862588057063877,33.64498799932856,619.900024414062
-2137.792857142857,-100.14737612974083,-2.0444415555113498,53.05446009511748,-203.38333333333333,1410.8302519298732,-9.100587973140538,69.77156346929927,624.400024414062
-2207.792857142857,-103.56737620603474,-4.69494185305777,33.20446162099637,-253.38333333333333,277.47771286737316,-7.552588114284337,43.139208732971156,621.700012207031
4251.2071428571435,173.96262257326225,8.03635850094615,50.265962170312775,656.6166666666667,-247.79181838262684,-8.294588217281156,61.23765844000236,620.5
59.207142857143026,5.932623793965263,10.19145836972055,48.52396540517607,-164.38333333333333,121.18572067987316,-9.617588171504796,34.04583257330316,619.299987792969
-2188.792857142857,-105.06737620603474,21.52665963314825,55.29476313466827,-234.38333333333333,413.15593552362316,-7.375588068507967,24.91366475714106,625.400024414062
-2153.792857142857,-108.06737620603474,8.403458262909052,46.84116511220738,-250.38333333333333,-770.3025605701268,-5.686587938808257,0.4423703540648596,622.900024414062
-90.79285714285697,1.4326237939652628,5.66505875729375,26.111466931054977,-134.38333333333333,-205.32111525762684,-7.911587843440827,29.30670827520746,620.599975585938
-2152.792857142857,-110.06737620603474,30.60985818051155,55.29476313466827,-303.3833333333333,-652.7459199451268,-5.686587938808257,23.307475029357864,623.400024414062
-271.792857142857,-15.067376206034737,3.5549589648133484,45.918466137597974,-87.38333333333333,-756.9431855701268,-7.297587999843417,60.89709752691647,625.700012207031
-1040.792857142857,-44.06737620603474,9.161158229339652,40.44196467275417,-105.38333333333333,102.74529099237316,-6.793588289760407,24.72302907598866,621.200012207031
4677.2071428571435,190.73261158693424,3.7554575457459514,43.32965998525417,438.6166666666667,-314.53595900762684,-7.333406576656157,57.95207494390867,626.0
-27.792857142856974,5.932623793965263,1.8250586047059496,47.49006037587917,-34.383333333333326,-88.49543166387684,-8.011588224910557,54.24338048590076,630.400024414062
-1781.792857142857,-85.06737620603474,3.0467592730408484,45.49546198720738,-236.38333333333333,-173.24299025762684,-6.382588037990386,40.19406026495356,627.099975585938
-2176.792857142857,-107.06737620603474,1.2528587832337497,36.318261669824466,-248.38333333333333,-698.1555879138768,-6.762588152431308,-4.706208289733938,620.400024414062
1513.207142857143,71.93262379396526,22.31645836972055,36.80126337880887,265.6166666666667,29.825857398623157,-8.703588137172517,64.65193456304927,628.700012207031
-526.792857142857,-29.317376206034737,2.0738579287415497,45.57965998525417,-79.38333333333333,35.05095505487316,-2.9075876565206773,47.36220067633046,626.900024414062
7383.2071428571435,335.83261769044924,16.51785912655645,46.88816218251988,417.6166666666667,-275.94855666387684,-7.1899725289571865,49.35370153082266,629.799987792969
-140.79285714285697,-4.067376206034737,-0.5540412411803501,10.387761639306973,-101.38333333333333,-195.26593947637684,-3.885588297389777,37.648245750793365,625.599975585938
22522.207142857143,1057.6325749658454,4.196558619964652,35.490365551660474,1409.6166666666668,-195.36799025762684,-3.5943628640401766,34.054915367492555,626.799987792969
-361.792857142857,-25.387375900858743,5.905657435882649,39.728562878320574,-126.38333333333333,-40.21564650762684,-3.9840875954854766,19.69721501959226,628.200012207031
-971.792857142857,-38.66737468015583,15.60125794552625,40.02616267080107,-99.38333333333333,-86.68830275762684,-5.718588480495267,40.357371269592264,630.200012207031
-2344.792857142857,-111.56737620603474,1.280958796966651,50.22716669912137,-285.3833333333333,1204.1256620861232,-0.7585884423482767,16.62621205938716,625.299987792969
2741.207142857143,150.93262379396526,6.325657512176651,36.41206507558627,258.6166666666667,-753.2307832263768,6.743411412693224,49.74394506109617,630.099975585938
-157.79285714285697,-7.207375595682734,10.54995789669805,43.07296137685577,-28.383333333333326,-193.24933791387684,-5.607588419460116,37.28728765142816,627.099975585938
12757.207142857143,540.2926091455273,-0.7396415219420494,26.72786097402377,1458.6166666666668,25.778005836123157,-3.8336435647237774,33.87437719000236,628.700012207031
-2444.792857142857,-120.06737620603474,9.03655877255255,41.164361523340176,-263.3833333333333,-222.36261916387684,-7.138587603114898,29.34054082525626,635.200012207031
-1411.792857142857,-67.66737468015583,20.66195931576545,43.38996271962917,-225.38333333333333,173.08855271112316,-7.142588266872227,14.552304207214263,627.700012207031
3590.207142857143,138.93262379396526,8.252558375824051,55.29476313466827,267.6166666666667,-519.0374238513768,-7.816588053249177,36.474970756896866,636.200012207031
1629.207142857143,91.93262379396526,11.413458491790848,48.03786616201208,20.616666666666674,-219.49006057012684,-5.266088137172478,21.033160148986763,631.0
-1393.792857142857,-76.06737620603474,-5.02774176455679,17.42496256704127,-128.38333333333333,-952.8865449451268,-7.984588274501617,14.515244423278762,629.400024414062
13615.207142857143,637.5826482080273,4.207058574188348,25.03466181630887,1119.6166666666668,333.08806442987316,-2.7350107522237774,34.096411644348066,631.200012207031
-1814.792857142857,-90.06737620603474,6.53285851620495,22.739465283105773,-218.38333333333333,-794.3914277576268,-0.13958800747277778,-2.008941711059638,628.900024414062
24547.207142857143,1299.9326237939654,25.972357417572148,39.58976130361357,3020.616666666667,551.9586698986232,-3.2074600548970764,13.09554952276606,629.5
8067.2071428571435,358.9026250146683,8.911759044159052,26.190461682031568,1002.6166666666667,-54.41095900762684,-3.5315882058370764,37.03663152349846,632.599975585938
6306.2071428571435,315.43262379396526,23.699057246673647,34.80676417226597,482.6166666666667,-295.71515822637684,-1.2545877785909774,28.31690496099846,633.700012207031
-1028.792857142857,-54.56737620603474,14.015358592498849,35.02026514882847,-61.383333333333326,-592.3211152576268,-4.844587931178877,19.48184484136956,627.099975585938
6399.2071428571435,320.85263722169924,0.7424580111390497,25.23726038808627,365.6166666666667,158.15495896112316,-1.9114710183370764,21.72630590093986,630.700012207031
7996.2071428571435,392.40259449709026,-5.74854168749991,32.820359753320574,592.6166666666667,303.03435349237316,-3.0147882790792764,34.62243550909416,634.200012207031
4522.2071428571435,189.51261036623129,5.302057887542851,17.032964276025673,256.6166666666667,-66.96759963262684,0.08748280093782235,15.30442327154536,629.700012207031
-224.79285714285697,-24.067376206034737,7.6813589587098505,8.238263653467072,-101.38333333333333,-474.23224807012684,-1.5545879693258762,2.493077217468162,630.5
3175.207142857143,154.08261769044924,15.09645905636605,36.411263989160474,176.61666666666667,55.58074021112316,-1.1325880379903772,18.932051597961358,633.0
-375.792857142857,-16.41737468015573,30.25155892514045,39.84866480703157,-107.38333333333333,213.82927536737316,-6.451588282131016,17.520792900451564,627.0
178.20714285714303,-2.9473734594527343,2.2134586825257507,7.6911635863284715,-151.38333333333333,-959.3880097888768,-2.319588312648577,17.71955388677976,627.599975585938
445.207142857143,13.482626845723274,-1.9562419400328501,21.48966364736357,-54.383333333333326,-278.11750197637684,-3.724588045619777,22.39059728277576,632.5
-1905.792857142857,-91.94737727414994,12.67505898617565,38.45266108388708,-258.3833333333333,-619.9138886951268,-7.0375877709615775,21.16130727423086,636.700012207031
2509.207142857143,161.70761769044924,45.50615945004285,40.29376368398468,256.6166666666667,294.37419724237316,-4.4109455437887775,17.221335350402764,635.799987792969
18298.207142857143,824.4326237939653,-2.334641788970849,37.687364147851866,744.6166666666667,-343.22687697637684,-1.9159628243673765,42.448500572570765,636.700012207031
388.207142857143,9.432623793965263,1.7307583346253494,11.358361767480773,192.61666666666667,-636.7327363513768,-4.235587725185177,1.2354916919554597,632.900024414062
-1671.792857142857,-79.06737620603474,13.922157908905149,37.42646174306667,-154.38333333333333,-6.274728538876843,-6.234588274501617,1.8911980975951614,633.099975585938
-989.792857142857,-38.56737620603474,33.64215722225965,35.89896540517607,-16.383333333333326,381.47575974237316,-1.9265877099263768,-8.446617663971018,629.599975585938
1711.207142857143,80.77262013185626,4.4565588488465515,49.217462109277676,-19.383333333333326,-130.82795119512684,-0.7149626107442764,15.43000119818106,636.200012207031
2450.207142857143,95.43262379396526,12.313257838714652,19.09836344594757,281.6166666666667,-83.75666213262684,-4.200587877773076,0.8492898334349626,630.5
4010.207142857143,175.66263478029327,13.59535851620495,55.29476313466827,201.61666666666667,26.983572242373157,-6.893587717555818,42.312880455383265,636.700012207031
-1474.792857142857,-66.96737773191364,9.681658412445149,40.21536402578157,-174.38333333333333,744.0895292736232,-3.6515880913961762,40.12438863409416,631.5
-2391.792857142857,-118.06737620603474,6.585158015716651,32.08796076650417,-290.3833333333333,-466.72736525762684,-8.011588224910557,-10.28292280541999,636.599975585938
358.207142857143,12.142630507832251,8.01275887631235,23.69116358632847,-30.383333333333326,-485.74152541387684,-1.5859886498678772,-1.338961661926339,631.099975585938
-2129.792857142857,-99.06737620603474,27.12095894955455,38.41406397695347,-209.38333333333333,54.68279099237316,-4.200587877773076,7.077536522277761,633.599975585938
8845.207142857143,413.5826482080273,27.306559230316253,32.30366663808627,944.6166666666667,430.32536911737316,-4.9521595330465775,23.015181480773858,636.200012207031
-1540.792857142857,-74.06737620603474,0.9083582415467504,41.32416682119167,-196.38333333333333,-1176.1565644763768,-8.333588251613437,48.47816747320546,638.700012207031
31.207142857143026,11.052618911153274,2.5140587344056495,30.145761059472974,-44.383333333333326,-44.57648635137684,-0.8487879128682767,9.457409798034561,632.099975585938
-2275.792857142857,-109.08737666379844,-4.57394156314078,-11.642935229589526,-295.3833333333333,-74.01545119512684,-0.663588175319477,-10.385718883148257,633.5
-2299.792857142857,-110.53737551938923,15.66965928219615,40.836961315820574,-266.3833333333333,150.49187302362316,-4.687588343166176,-9.689127505889958,626.099975585938
-2376.792857142857,-112.56737620603474,10.210758830535951,21.549859570215176,-271.3833333333333,1000.9659941173732,-5.535587915920077,-15.768155158630439,630.0
-2453.792857142857,-116.56737620603474,8.51865830563365,24.118264721582378,-272.3833333333333,1340.6232206798732,-4.660587915920077,-15.768155158630439,636.599975585938
1206.207142857143,57.13262074220725,0.7450586809998505,28.157563732812775,593.6166666666667,220.74187302362316,-3.3785883279073765,19.12102407110586,638.200012207031
-2314.792857142857,-109.81737620603474,16.69025864743055,48.92536311025417,-295.3833333333333,806.3029081798732,-7.931587824367337,-2.710830749145538,634.799987792969
1829.207142857143,81.93262379396526,8.97615876339735,27.615563915918273,141.61666666666667,-213.78058791387684,-4.640588411830677,20.25696843756096,638.700012207031
-1315.792857142857,-53.987374374980035,18.840757991302553,28.892365978906568,-191.38333333333333,340.47136521112316,-5.344587931178866,18.885310112365662,638.299987792969
-2154.792857142857,-102.56737620603474,8.27295746945195,31.033166454980773,-267.3833333333333,16.594900367373157,-7.058587679408847,12.92382711065666,638.299987792969
-1514.792857142857,-71.36737544309523,16.20075860165415,17.50756220693387,-26.383333333333326,617.4015409923732,-6.420588144801908,-13.972822965255808,627.799987792969
-1270.792857142857,-64.06737620603474,1.5442587389832507,36.16306452626988,-125.38333333333333,-415.33966994512684,-3.2545877785909774,14.86513036383046,641.099975585938
9000.207142857143,417.23261158693424,12.133358623016449,39.168466137597974,711.6166666666667,-212.20539260137684,-5.887693056606107,43.26529973638907,641.400024414062
3566.207142857143,177.68262379396526,7.797258998382649,23.866662548730773,957.6166666666667,-486.68488478887684,-6.396255144618808,-2.208832801452738,637.700012207031
-2129.792857142857,-109.06737620603474,10.45335831784065,36.219659374902676,-268.3833333333333,-1233.2783906482568,-5.218588480495278,-10.75813537942512,637.900024414062
-2211.792857142857,-106.06737620603474,6.658058787811349,1.3379645812014758,-276.3833333333333,36.96013474237316,-3.486588129543076,-14.80892253028495,636.200012207031
-2328.792857142857,-114.06737620603474,35.09835686825575,27.48016505117218,-248.38333333333333,556.9816191173732,-3.7635876031148765,-15.101488472095557,633.799987792969
-2171.792857142857,-104.66737658750444,3.5700575365906495,23.007760571191668,-253.38333333333333,1149.7203886486232,4.390412679172723,22.74388021124256,630.400024414062
-2482.792857142857,-121.06737620603474,12.09645905636605,9.404363201806973,-269.3833333333333,919.1940214611232,-8.211588034175687,-15.768155158630439,629.799987792969
-2168.792857142857,-104.84737689268024,-2.65284190036005,22.243966625879168,-232.38333333333333,-318.53986525762684,-1.591587671779477,1.4057587970580627,642.700012207031
-2274.792857142857,-111.26737696897423,-2.9682420239562504,15.01696162099637,-275.3833333333333,-648.5965058826268,-5.218588480495278,-5.881149352661199,639.299987792969
-787.792857142857,-34.06737620603474,12.011957789886551,20.042161511133074,11.616666666666674,794.6989042736232,-1.5545879693258762,3.6234807361449626,636.0
1131.207142857143,54.68262379396526,13.65555825375375,21.09085993642607,413.6166666666667,11.820486304873157,-5.651588091396148,20.72120565069576,640.400024414062
-2128.792857142857,-106.63737590085894,5.553957606781051,38.29476313466827,-233.38333333333333,-90.94660353887684,-5.052588114284378,23.63184255255116,646.200012207031
2483.207142857143,117.83261769044927,-2.5548413739317493,15.018262432763976,79.61666666666667,-154.62287307012684,-3.7473875375020764,12.90946668280026,638.099975585938
-2482.792857142857,-121.40737635862263,0.4525581850892504,21.733163403222974,-275.3833333333333,-181.28840041387684,-7.911587843440827,-2.0695248256836383,639.599975585938
-487.792857142857,-23.24737651121073,13.25045838497935,20.677560375879168,-169.38333333333333,-33.05353713262684,-3.239588388942577,-4.418318809143139,640.5
-2018.792857142857,-98.08737666379844,-4.721441601287751,11.360364483545276,-159.38333333333333,-608.3635957263768,-4.033588060878577,-12.325532020202708,638.200012207031
-2291.792857142857,-112.51737696897423,8.01645913266005,15.427663372705375,-277.3833333333333,777.5031034923732,-5.281588205837076,-0.33788782464603884,635.900024414062
1872.207142857143,98.78262989748126,5.88365807675175,19.200261639306973,293.6166666666667,44.42595505487316,-6.932588228725248,2.2056283344115606,638.799987792969
3089.207142857143,165.98261158693424,-6.40534148074332,-7.659635974218425,9.616666666666674,-167.85822463262684,-1.6865879388082767,6.949578224548262,637.599975585938
16773.207142857143,717.3126286767773,7.27765908383185,6.53686289663117,878.6166666666667,-406.17756057012684,-1.1889206261861762,2.66808980596916,637.799987792969
772.207142857143,46.482626845723274,38.97385659359755,29.567063854883074,256.6166666666667,177.18132614862316,-4.0504633279073765,0.4035596240843624,638.099975585938
-7.792857142856974,7.762625625020263,12.583758021820149,19.392465161035474,93.61666666666667,406.14372849237316,-1.9265877099263768,-13.746026338211129,638.299987792969
-2202.792857142857,-109.06737620603474,-9.25544152117911,20.083459423730773,-216.38333333333333,-876.2547090076268,-3.3785883279073765,-6.1437416683350285,645.5
-2423.792857142857,-117.86737639676964,5.29055848263555,36.27036433095738,-279.3833333333333,-416.96808791387684,-7.058587679408847,25.69525807989496,636.700012207031
11039.207142857143,519.3425969384963,14.92925896786505,11.594163464258074,1017.6166666666667,-153.18879103887684,-1.0898605675924777,-5.869120658508368,639.900024414062
-2286.792857142857,-110.86737544309524,-1.8500417218321505,23.385964916894878,-205.38333333333333,178.24724411737316,-4.844587931178877,0.3137158740843624,643.299987792969
3889.207142857143,203.03262989748129,-0.9669412121886491,26.318566845605773,195.61666666666667,-140.38800978887684,-1.0736872048604766,27.726782738098063,643.0
-2389.792857142857,-116.86737639676964,2.36575856350715,24.91506342763708,-273.3833333333333,-870.7346894763768,-1.2505880685079767,-6.981544555297919,636.900024414062
282.207142857143,10.402625014668274,-1.317541454803349,8.268262432763976,-22.383333333333326,-92.03742385137684,0.6514123587381224,23.25623220098866,641.799987792969
3643.207142857143,167.97263233888725,15.47395768307505,27.057160900781568,1034.6166666666668,-59.59699416387684,-5.052588114284378,38.12214940679927,643.599975585938
7589.2071428571435,379.68262379396526,4.174158717620951,26.101159619043273,1131.6166666666668,206.29460739862316,-4.714117655299978,25.36513799322506,644.299987792969
-893.792857142857,-41.92737681638634,34.01615777157605,30.79906611318387,-81.38333333333333,297.08025192987316,-4.793588289760377,-14.384869874588079,642.299987792969
-2154.792857142857,-102.45737559568313,7.42905869625865,37.36226038808627,-207.38333333333333,-367.37580275762684,-4.078588137172478,19.674883781799263,644.700012207031
-2084.792857142857,-99.06737620603474,7.3044592394715515,30.157159374902676,-158.38333333333333,-89.38215041387684,-5.260588297389777,-7.128449500671458,642.599975585938
-641.792857142857,-25.697373459452734,2.0351587786560508,9.948861645410474,-20.383333333333326,-555.3821504138768,-4.133588442348277,-0.4183807979737395,647.400024414062
-2210.792857142857,-106.66737658750444,-2.549541805755551,18.727563427637072,-253.38333333333333,209.75408005487316,-7.931587824367337,4.088303505309963,644.599975585938
-2432.792857142857,-119.06737620603474,6.443058635223451,2.445062206933869,-263.3833333333333,775.2013456798732,-1.737587580226677,-12.706930698028629,632.900024414062
-420.792857142857,-14.567376206034737,1.1679579272156495,8.50536494130887,-211.38333333333333,-351.89191603887684,-5.686587938808257,-5.894967139831609,644.099975585938
-1373.792857142857,-74.06737620603474,-1.92384180880725,-0.4455360901852288,-138.38333333333333,-432.36701369512684,-0.04258788540247771,0.32746213568105986,643.799987792969
-1159.792857142857,-50.96737773191364,7.720558787811349,35.55346064443387,-238.38333333333333,1226.0104277111232,-1.282337793849777,27.73082250250236,647.099975585938
4485.2071428571435,203.77262013185629,21.34815850399785,37.86696009511748,376.6166666666667,-386.74787307012684,-5.076921114467478,29.269797264465264,647.900024414062
-666.792857142857,-31.067376206034737,11.16905846737675,23.046563671777676,-133.38333333333333,-107.72004103887684,-5.831588396571927,2.427563606628361,645.099975585938
5132.2071428571435,231.93262379396526,-6.7548416600340895,-0.22863621835902848,354.6166666666667,-404.99689650762684,-0.2867132516134774,-0.2804604183350392,642.799987792969
-2412.792857142857,-115.06737620603474,-3.8290418133849204,4.17366175527377,-256.3833333333333,611.0441191173732,-5.535587915920077,-14.842229248157569,634.299987792969
-2404.792857142857,-119.06737620603474,-6.10314164019766,13.330464886377271,-272.3833333333333,-570.4505097888768,-2.124587664150077,-8.17886930810554,653.799987792969
5258.2071428571435,262.79260914552725,3.1563574328309514,12.366963909814771,700.6166666666667,-358.38800978887684,-3.1005884499776766,13.317683159240662,641.700012207031
-1876.792857142857,-89.56737620603474,-1.5355418667906502,-10.626337481786827,-303.3833333333333,187.70036911737316,-1.2405878396261762,-15.635176436177321,636.099975585938
6699.2071428571435,408.8126286767773,-5.75854143954459,-5.668436480810229,1415.6166666666668,48.10954880487316,10.170745244480322,35.08947652471916,643.900024414062
-2080.792857142857,-96.86737544309523,-5.58184180117789,-13.318336917211628,-268.3833333333333,373.23161911737316,-0.449588427089477,-4.271804870239338,636.700012207031
-2524.792857142857,-124.06737620603474,19.13495888851935,4.8185630309084715,-284.3833333333333,281.78874802362316,-5.344587931178866,-2.3066158901367384,639.400024414062
-2353.792857142857,-116.06737620603474,-0.5187419400328501,1.1129622923830738,-299.3833333333333,-619.8406465076268,-0.7385879845845764,-11.040882648101878,645.700012207031
-2185.792857142857,-105.06737620603474,0.9751583590393498,25.272164868066668,-251.38333333333333,-227.00129103887684,-7.931587824367337,5.676539360412562,644.700012207031
7708.2071428571435,410.98261158693424,23.980856563079954,13.840161846826476,964.6166666666667,143.78972458612316,-2.9735876412618776,-3.4144745479737395,643.099975585938
-1822.792857142857,-87.53737742673783,-6.0672415242308695,11.969861553857776,-267.3833333333333,-207.22785353887684,-2.885255465053376,14.38072866094966,644.099975585938
-2401.792857142857,-117.46737582456504,4.815659190643451,14.325563000390972,-278.3833333333333,207.26970505487316,-0.41058791592007715,0.09087461126706131,640.200012207031
5787.2071428571435,262.35263722169924,-0.8470414624327507,27.20686488027377,1029.6166666666668,-246.49640822637684,-2.6466881127584774,27.98184484136956,647.299987792969
-2479.792857142857,-120.56737620603474,6.217058803070149,14.35516123647487,-273.3833333333333,-129.97931838262684,-4.983587870143676,-15.768155158630439,633.700012207031
-2408.792857142857,-115.67737586271194,5.884358073700049,7.46866373891627,-255.38333333333333,648.0568144298732,-3.344587931178877,-15.768155158630439,633.099975585938
1983.207142857143,103.90262501466827,4.2300592913514485,21.209764050195574,297.6166666666667,-187.57111525762684,-2.489588388942577,0.8840569843138617,643.400024414062
-2038.792857142857,-94.73737437498004,24.190756465423647,25.952462719629168,-232.38333333333333,342.72575974237316,-5.276588091396176,-12.547816098800729,646.400024414062
-2495.792857142857,-121.51737601529987,11.75395836972055,27.43766169423857,-278.3833333333333,499.28240036737316,-1.9815880151021776,-15.768155158630439,647.200012207031
-188.79285714285697,-7.827378342264737,-5.97014174319449,2.32466273183627,-187.38333333333333,155.26628708612316,-5.462587961696446,32.756434379943755,646.0
-2495.792857142857,-123.06737620603474,-2.05204138613885,-8.884336901952828,-303.3833333333333,-99.31818557012684,-3.8905884118306773,-15.016275466552802,639.5
-2109.792857142857,-103.06737620603474,3.5169588580017503,-6.747637225439128,-238.38333333333333,-699.2200410388768,-0.18558848812467765,-13.84137278901679,641.5
-2406.792857142857,-117.40737635862264,-5.6567414746398,-4.080236865331727,-273.3833333333333,-425.42365432012684,-0.7385879845845764,-2.2546425472412395,649.700012207031
-2343.792857142857,-110.34737689268024,13.396258021820149,31.572160290429977,-267.3833333333333,1142.7291777111232,-5.048588404201277,-15.768155158630439,651.200012207031
500.207142857143,18.91261952150427,12.92155900143445,11.084863232324473,167.61666666666667,-186.97443557012684,0.2762693075906224,0.9464501727904597,645.200012207031
-609.792857142857,-26.287377426737734,-2.9934419140929496,-4.140634967138325,-136.38333333333333,-118.71515822637684,-4.078588137172478,-9.824618877044749,644.0
2991.207142857143,137.93262379396526,-2.9365418896788498,10.388661907861675,12.616666666666674,-309.56867385137684,-0.26521266415007716,20.40622228277576,649.400024414062
7146.2071428571435,355.43262379396526,-0.20304140902704937,17.79866175527377,914.6166666666667,25.217947242373157,0.09658848331092251,29.203711449035563,648.200012207031
-2382.792857142857,-117.56737620603474,-3.489941929351719,-0.8028358948727288,-265.3833333333333,-151.20539260137684,-4.235587725185177,0.8985127796019619,646.099975585938
4581.2071428571435,231.28262989748129,13.38075890682995,24.15266566152377,496.6166666666667,-153.61554885137684,-5.218588480495278,-0.5809155117188389,651.599975585938
18709.207142857143,922.5125798486553,-0.018842075836049688,1.2897620665530738,2585.616666666667,-188.93341994512684,-1.0182882638204767,18.569643913635158,649.5
-2151.792857142857,-102.06737620603474,12.12085786007695,14.833562420556973,-276.3833333333333,470.13640427362316,-3.5135876031148765,-15.768155158630439,643.799987792969
-1901.792857142857,-89.16737468015583,-3.067242001068051,-12.518137408544625,-253.38333333333333,-469.79963088262684,-5.344587931178866,-2.700755179992738,645.799987792969
-2254.792857142857,-110.61737544309524,-6.56154141284171,-37.218636943151544,-257.3833333333333,-1093.0012910388768,0.0924123434793227,-11.49008041726691,643.599975585938
15626.207142857143,774.6926335595903,-2.02434191561885,13.827863262842072,1697.6166666666668,-231.23761916387684,-0.022788652919576435,23.826476036437963,651.0
6158.2071428571435,281.84262745607424,-3.2233413205260497,-12.222235156347324,754.6166666666667,-167.41388869512684,0.21634041354772293,5.90021794927976,648.400024414062
-1831.792857142857,-91.06737620603474,-6.21974167681876,-8.946134997655925,-243.38333333333333,-638.1087129138768,0.9764112143289232,-12.50592190133674,647.700012207031
-2488.792857142857,-122.06737620603474,-9.67464170314017,-5.419535113622729,-263.3833333333333,-482.08136916387684,-2.441588053249177,-7.911012233367988,645.099975585938
-2393.792857142857,-115.36737639676964,-6.4375418171996195,22.52876429433627,-252.38333333333333,309.28044724237316,1.306411138035024,23.806311546691862,654.0
5665.2071428571435,242.03262989748129,9.95145859860235,6.862165020654572,991.6166666666667,-363.53937697637684,-2.766705164455278,-5.6403523098145385,652.799987792969
-219.79285714285697,-20.40737254392573,-5.0945418820494695,7.414964245508074,50.616666666666674,-211.43195510137684,-1.0580164284932767,11.753636299499462,652.299987792969
-2478.792857142857,-120.81737620603474,-10.02024159289542,-21.479437304784827,-287.3833333333333,-179.61896682012684,3.0094121603738238,-1.7681551586304387,643.400024414062
1352.207142857143,80.93262379396526,28.52735772274785,7.065663860986675,302.6166666666667,46.10954880487316,-2.5674454064595764,-6.9261551510010495,649.200012207031
-302.792857142857,-11.26737315427674,4.729057933319151,7.547063397119473,41.616666666666674,-163.22101760137684,-3.8905884118306773,-9.362308562866279,648.099975585938
-2127.792857142857,-98.56737620603474,7.3888575091248505,10.056664990137072,-140.38333333333333,60.79900192987316,-6.486588129543128,-13.37294536935432,647.099975585938
-2158.792857142857,-100.79737574827104,18.08445801876845,44.99436335439488,-255.38333333333333,1172.7584745861232,-4.140588411830677,-9.81070810662849,645.799987792969
-2053.792857142857,-93.96737773191364,13.188757564056449,14.42516474599637,-244.38333333333333,191.61784958612316,-1.0885883660543776,-7.5942421566162785,646.5
890.207142857143,46.232626845723274,-7.70474181033316,-14.924036456396227,485.6166666666667,-206.67316603887684,-0.2895876260030761,-0.3092184673462395,645.799987792969
-2154.792857142857,-102.72737605344683,8.74985757016005,10.28456263417997,-242.38333333333333,322.32341599237316,-4.795588144801878,-15.768155158630439,647.700012207031
-2405.792857142857,-117.56737620603474,-11.49164161540213,-27.16133732919893,-243.38333333333333,-332.11310744512684,3.309411397434424,-15.768155158630439,650.0
-2536.792857142857,-123.46737630140217,0.2956587328797493,-44.70523686533173,-281.3833333333333,801.4523222423732,7.212411275364122,-15.768155158630439,645.700012207031
2342.207142857143,168.07263844240327,1.4633585467225494,10.395562695215176,196.61666666666667,537.5924589611232,2.9818013815653224,16.05642789495846,649.0
-11.792857142856974,-21.87237651121073,-4.87784132815543,-12.33553547983373,-77.38333333333333,-764.4627168201268,-3.4308382363546777,-2.967238486877539,650.700012207031
-2386.792857142857,-115.81737620603474,14.85315766476445,6.947663830469075,-271.3833333333333,-300.56720900762684,-5.390588411830716,-15.768155158630439,648.299987792969
-1848.792857142857,-87.91737468015583,3.293358470428551,6.058164166162371,-228.38333333333333,-51.03693557012684,-1.1195885033834774,-11.922001184097358,640.799987792969
-2304.792857142857,-113.66737658750444,-0.2429412350768505,13.499063061426071,-253.38333333333333,-1036.2923066638768,-5.686587938808257,-13.299019397369449,655.900024414062
-2488.792857142857,-122.31737620603474,-5.38894162036124,1.009061382959274,-278.3833333333333,-746.1375215076268,-4.677588114284378,-5.053869308105538,649.400024414062
-2447.792857142857,-119.06737620603474,12.16835847042855,22.145562695215176,-277.3833333333333,737.0875761486232,-0.841587671779477,-15.768155158630439,651.799987792969
-2112.792857142857,-103.06737620603474,-3.9867413983458597,-19.890436602880527,-238.38333333333333,-338.12629103887684,-1.849588045619777,-13.830170692077708,647.5
-2520.792857142857,-124.06737620603474,-9.57634172297659,-12.59513707285123,-278.3833333333333,-879.9295136951268,-5.651588091396148,-11.138525546661448,655.799987792969
-2209.792857142857,-110.39737612974083,0.7074581637268498,5.294763134668273,-245.38333333333333,-387.78840041387684,-2.608587870143676,-10.517558635345528,647.799987792969
9938.207142857143,416.98261158693424,-5.62294182635489,-4.305735064794625,795.6166666666667,-708.7478730701268,2.506411900974424,11.77222722662346,652.599975585938
-2341.792857142857,-112.89737612974083,-9.45294151164237,-13.670736743261429,-238.38333333333333,661.5177519298732,1.8394120840799246,-0.7855768810425392,649.5
3572.207142857143,210.03262989748129,-6.06644186831656,2.9972625243166746,330.6166666666667,-96.46369338262684,4.273047795749822,32.111220299133265,653.700012207031
-2051.792857142857,-99.11737544309524,7.09005799435435,1.3451629149416746,-169.38333333333333,-430.17072463262684,-1.1195885033834774,-15.768155158630439,647.5
-2458.792857142857,-121.56737620603474,-2.6578420148009503,-12.352335406591529,-262.3833333333333,-1166.5716035388768,-3.404588350795576,-14.00344914304359,644.5
-2464.792857142857,-120.56737620603474,20.29055657528695,21.14846186513708,-267.3833333333333,2229.630544898623,-1.9305883736837774,-15.768155158630439,649.599975585938
-2246.792857142857,-107.06737620603474,15.99225869320685,14.50856165761747,-228.38333333333333,-65.38947463262684,-3.7625881524312774,-15.768155158630439,651.900024414062
-1407.792857142857,-67.46737773191364,-8.90534148074332,-19.398136569311227,-53.383333333333326,-142.59259963262684,3.7094110159647222,-8.479047835937568,648.900024414062
-414.792857142857,-20.717377731913743,-0.3734420285338498,-8.25533528452123,-90.38333333333333,638.5983183361232,1.090411534763522,1.2598485339965606,650.099975585938
1894.207142857143,85.93262379396526,-7.49414143420401,-15.506536914159827,105.61666666666667,-565.8352754138768,-1.2585884423482767,-5.332603515258839,653.099975585938
-1835.792857142857,-89.26737696897425,-8.83244166232291,-13.936037493993826,-254.38333333333333,-368.31525588262684,3.7514127402078223,-13.498293937316959,654.599975585938
-950.792857142857,-40.79737956296833,-7.76334175921622,-6.505037738134426,-49.383333333333326,994.0797636486232,5.453412404514523,12.47975820196526,651.5
-2092.792857142857,-106.56737620603474,-7.64904150820914,-16.533636523534827,-268.3833333333333,-1052.1009004138768,-5.052588114284378,-6.999498427978578,653.700012207031
-2321.792857142857,-113.21737582456504,-7.70854172564688,-16.040737582494828,-267.3833333333333,-594.2444551013768,-0.7385879845845764,-8.276298583618228,653.299987792969
-2281.792857142857,-111.56737620603474,5.197758342254751,8.897061871240574,-247.38333333333333,-561.1077363513768,-5.114588388942577,-5.969883979431218,652.099975585938
-2460.792857142857,-118.05737597715293,15.920658732879751,18.985261486719075,-273.3833333333333,341.04607224237316,-2.8145881982076766,-3.2681551586304387,651.799987792969
-2096.792857142857,-98.06737620603474,-2.7394412503356502,-15.061737490942129,-222.38333333333333,607.8458769298732,-1.4105879159200772,-15.768155158630439,651.299987792969
643.207142857143,20.932623793965263,10.775957728851449,32.06736140126988,70.61666666666667,-486.81672072637684,-5.330587992214017,15.435999809631262,656.799987792969
-583.792857142857,-21.85737712156174,-1.11894163943475,-3.7761368287106265,-35.383333333333326,220.17449021112316,-1.6045881600606773,-14.398961962333749,650.599975585938
-2472.792857142857,-123.01737601529987,-2.816641186248649,3.1475615965823707,-296.3833333333333,-1386.3379609607568,-5.218588480495278,-6.152770103088448,648.599975585938
-1499.792857142857,-67.07737452756794,20.943457271087752,17.562264965722974,-139.38333333333333,493.22917771112316,-4.025587687038277,-15.768155158630439,653.5
1040.207142857143,72.90262501466827,-1.8871415600890504,-3.6506371033688296,196.61666666666667,-413.16779494512684,-2.091587671779477,8.48913472784416,656.5
-2471.792857142857,-119.81737620603474,-11.347341631423859,-34.578636599828826,-284.3833333333333,-427.54523635137684,-1.6865879388082767,-6.2140150676880594,655.5
2299.207142857143,100.13262074220725,-4.7040418133849204,-18.816736651708727,314.6166666666667,-172.47004103887684,-0.6935879082906773,-9.842830718627999,656.200012207031
-2525.792857142857,-124.06737620603474,-7.42084154940787,-21.40423627023893,-290.3833333333333,-63.04279494512684,-6.540588030360997,-14.797281385532447,647.599975585938
-2453.792857142857,-118.76737601529983,1.611057902801651,25.580461071679977,-286.3833333333333,86.66277146112316,-4.978587755702778,2.5175580371703603,660.099975585938
1524.207142857143,70.79262440431725,-5.71914181567374,-21.264336062719426,-62.383333333333326,-347.11750197637684,1.006411900974424,-10.78380638467414,652.700012207031
-2348.792857142857,-111.01737696897423,-4.550341938506991,11.81646494741237,-236.38333333333333,897.9157011486232,-4.660255083583676,-11.48244053231818,649.700012207031
-1763.792857142857,-85.56737620603474,-10.16184172488394,-32.13113732462133,-207.38333333333333,-514.9041230701268,-0.7385879845845764,-12.415554107299869,649.599975585938
6106.2071428571435,279.1326360009963,-5.74944147921744,-23.361837817480126,816.6166666666667,84.75408005487316,3.3140119223367215,16.93934148443596,655.200012207031
-2216.792857142857,-108.96737582456504,-4.508141850006011,16.21706156606477,-231.38333333333333,-233.90754103887684,-4.200587877773076,-6.302135528198308,657.700012207031
3744.207142857143,200.05261891115327,-0.567541454803349,-7.815237475683325,320.6166666666667,-578.6609590076268,-0.7189213128316769,-9.50736767160041,653.099975585938
-2296.792857142857,-110.26737696897423,-4.2099412427062095,-10.669138385107125,-230.38333333333333,-349.34748244512684,0.1764119772684225,-2.515142501464938,657.599975585938
274.207142857143,9.052618911153274,-2.1196416363829496,-10.258135272314128,-111.38333333333333,118.76970505487316,0.9554113058817215,-12.599019826522898,649.099975585938
-2063.792857142857,-99.41737658750444,-6.52034172869864,-8.06803746347623,-243.38333333333333,69.68132614862316,-1.6865879388082767,1.222994743713361,659.799987792969
-2042.792857142857,-103.06737620603474,-5.73754153109732,-6.821237994482125,-225.38333333333333,412.03435349237316,-2.922587999843376,-14.914912820926734,649.599975585938
2439.207142857143,111.03262989748126,-6.18214163638297,-10.470835162450825,322.6166666666667,-468.98029494512684,0.014412274814823434,-9.118589461914128,655.799987792969
-1769.792857142857,-86.22737605344685,3.168358470428551,-4.54223866586883,-185.38333333333333,417.94158005487316,-2.6505876870382767,-15.651740723422595,658.700012207031
-2483.792857142857,-118.85737616788774,-4.970141743194491,-24.705236865331727,-283.3833333333333,323.37859177362316,-1.6045881600606773,-15.768155158630439,655.200012207031
-1979.792857142857,-93.94237620603474,-9.39394173480216,-25.13663716440403,-148.38333333333333,359.24968552362316,2.4637464194070233,-8.834410728088448,654.400024414062
-839.792857142857,-33.06737620603474,-10.28354153491202,11.303662823388976,131.61666666666667,1758.2257597423732,-4.759920725368277,-6.2097426067505594,657.900024414062
-1853.792857142857,-92.06737620603474,11.657158519256651,16.714162396142875,-253.38333333333333,-215.06427932012684,-4.793588289760377,-14.864929379097052,651.900024414062
-1851.792857142857,-92.21737773191364,-0.25734171725454935,-4.856535388280925,-155.38333333333333,170.26970505487316,-2.0735880227315775,-14.609854043594428,650.200012207031
889.207142857143,59.13262074220725,-3.4752419934386296,4.721662090967072,115.61666666666667,330.42449021112316,7.156411519504722,24.339861809142963,656.900024414062
16665.207142857143,795.5026311181842,5.685858394134652,6.265561627099871,2097.616666666667,-32.38410353887684,0.3680661825906224,0.8950566638793624,656.400024414062
5032.2071428571435,257.35263722169924,-5.44024166918936,-12.568438006689128,854.6166666666667,120.93230271112316,8.167161336399221,6.18720334661856,656.700012207031
-2470.792857142857,-121.06737620603474,-6.91694149829092,-19.388737155248727,-269.3833333333333,-783.1238496326268,-3.6675878854024777,-6.907395423523019,653.299987792969
-2511.792857142857,-123.06737620603474,-4.84264120913687,-8.570738269140328,-261.3833333333333,727.5782988048732,1.039412847019424,-14.913454235664435,649.900024414062
-2468.792857142857,-120.3673763967696,2.8459574236756495,-7.923635913183325,-266.3833333333333,855.8219511486232,-1.2425876946676766,-15.768155158630439,642.200012207031
-2117.792857142857,-101.86737544309524,14.239357615936349,7.146661328027676,-273.3833333333333,462.56267380487316,-1.8795877785909774,-11.854260982147288,650.900024414062
141.20714285714303,11.042624404317252,-9.6359415993804,-19.145636035253627,-7.383333333333326,-505.64582228887684,3.021411290622922,-3.818696082702738,655.599975585938
-2077.792857142857,-100.56737620603474,1.98835816525275,6.857263134668273,-257.3833333333333,-471.47150588262684,-3.8905884118306773,-11.775414765945499,655.299987792969
2576.207142857143,113.43262379396526,-4.927141521942049,-7.414137316991926,170.61666666666667,-357.94123244512684,0.43332897708532236,7.171326576599061,660.5
3808.207142857143,149.77262013185629,-10.729341600906281,-27.554436160375626,318.6166666666667,-1288.8758027576268,0.4624122290384225,-13.282525123230048,657.299987792969
-916.792857142857,-47.787377426737834,-7.87224182940665,-12.053335620214526,-181.38333333333333,-132.99640822637684,-1.2545877785909774,-5.896659911743228,659.0
-2258.792857142857,-109.26737696897423,-6.74194178439322,-8.390837146093425,-247.38333333333333,-927.1780488513768,-3.1425882668721776,-15.227614582649299,652.700012207031
553.207142857143,24.13262074220725,-9.7155416951293,-17.761936618139327,24.616666666666674,-534.8948457263768,-2.416588434718877,-6.811523498169009,662.5
-2489.792857142857,-121.8673763967696,-12.526641641628174,-15.208836032201827,-271.3833333333333,-449.61701369512684,-4.345588335536776,-9.293335498443668,656.299987792969
9226.207142857143,459.77265064943424,-4.230241154205229,-11.939737750341529,1203.6166666666668,173.62224411737316,2.1186116842996228,4.957276283630261,663.200012207031
-1560.792857142857,-77.39737803708944,-0.41834196902454934,-7.907438708593425,-174.38333333333333,173.97478317987316,-0.5565878243673765,-15.580889240971633,656.200012207031
-333.792857142857,-26.067376206034737,-9.20654139376822,-13.334337664892228,-79.38333333333333,-681.1638886951268,-0.7135883660543776,-1.7812262188111383,660.400024414062
-1118.792857142857,-55.76737315427694,-2.9862416730040504,-7.596636248876628,-162.38333333333333,-122.77961135137684,-1.7942549081075772,-7.02643400537116,656.0
-2049.792857142857,-101.26737696897423,-11.74604163027945,-13.205236865331727,-243.38333333333333,-711.8010957263768,1.3524125723612244,4.26638692510976,658.799987792969
-1616.792857142857,-76.42737681638633,-2.76134142733755,-11.07513661508763,-163.38333333333333,1423.3678495861232,-1.794337877773076,-14.384755910507268,658.799987792969
-1416.792857142857,-60.41737468015583,5.0511576189881495,2.419461773584274,-196.38333333333333,162.76531052362316,-2.7985884042012774,-13.70544892655952,659.400024414062
-2509.792857142857,-122.06737620603474,-9.24604163027945,-11.105238391210627,-280.3833333333333,678.3868925548732,3.0094121603738238,12.803275047668361,658.400024414062
-2038.792857142857,-93.30487544309523,-5.44944176531973,-14.027237368871727,-225.38333333333333,1890.8390409923732,-3.8505884499776766,-15.598663629165717,647.099975585938
-2082.792857142857,-101.46737582456504,0.6733585848694492,10.056664990137072,-243.38333333333333,-534.6384980701268,-5.218588480495278,-2.031890929809638,660.599975585938
-2380.792857142857,-117.94737632047564,-5.78334174014273,-23.436537219335627,-252.38333333333333,-1009.5725801013768,0.04841171786902265,-15.768155158630439,652.799987792969
-2167.792857142857,-103.06737620603474,1.2247587695008502,4.106862591455375,-153.38333333333333,317.78728317987316,-5.005255350612478,-15.551235408655234,654.599975585938
3683.207142857143,179.61261646974629,-3.4081414685362894,-22.012236071874728,192.61666666666667,-603.7825410388768,1.670037618137524,-12.64711576806648,659.799987792969
-2343.792857142857,-115.07737643491654,-6.0046418652648,21.50166468496127,-241.38333333333333,317.55388474237316,-5.704587587856107,31.60026830328366,661.599975585938
-303.792857142857,-13.76737315427674,-10.36434159136954,-29.049336863805827,-1.3833333333333258,-421.42072463262684,5.7939122824442215,6.941523491271862,660.900024414062
9256.207142857143,420.77265064943424,-3.0483420834654495,-14.263536883642228,1486.6166666666668,-383.01447463262684,1.1567243246805248,13.352585731872463,664.099975585938
-2064.792857142857,-101.63737590085894,-6.34944186068716,-23.32593770151333,-257.3833333333333,-407.18634963262684,3.0524114279520234,-11.33553081857307,650.799987792969
9751.207142857143,491.3126286767773,-0.9508412823790504,-13.686336947729227,1367.6166666666668,-155.55060744512684,1.3375238089334225,-10.953938544860907,663.599975585938
1143.207142857143,48.99262135255927,-9.87404165126028,-26.317436648656926,225.61666666666667,-370.61994338262684,3.2276338248026235,-10.518950523010318,658.299987792969
-1733.792857142857,-81.48737437498004,4.307158137786949,-2.2584366333981265,-233.38333333333333,96.37419724237316,-1.1365877480733761,-13.868713797203128,661.0
3085.207142857143,148.60263722169924,-2.7117417798155508,-14.636137439062228,185.61666666666667,-331.01984572637684,2.7129663138162243,-7.105221809021058,659.5
-2523.792857142857,-123.33737618696125,-13.24604163027945,-44.70523686533173,-287.3833333333333,-435.32111525762684,-1.7305876107442764,-5.291964591613839,661.299987792969
-1179.792857142857,-52.077378342265234,3.281859065521349,-2.104338122655925,-178.38333333333333,-200.66828322637684,-2.676587709926377,-14.525919140449588,663.5
-2118.792857142857,-104.56737620603474,7.14615883969125,1.177163647363571,-208.38333333333333,-110.89191603887684,-4.213588366054378,-15.768155158630439,661.700012207031
-2468.792857142857,-121.06737620603474,-1.99604163027945,12.169763134668273,-264.3833333333333,-1174.1018769763768,-7.816588053249177,-6.393155158630439,673.400024414062
-2195.792857142857,-107.06737620603474,-3.909942005645659,-19.601536227514327,-253.38333333333333,431.18962692987316,0.18941151187532235,-14.38247376786811,659.5
557.207142857143,35.24262135255927,-7.79214176989737,-0.31453557138642907,107.61666666666667,390.29753708612316,7.524812093235223,19.57396596563716,661.5
2381.207142857143,110.33261769044927,-7.94714150286856,-17.350737048437228,272.6166666666667,-510.25470900762684,4.5065377859842215,-6.127436698547429,663.400024414062
-1911.792857142857,-93.11737544309523,-4.357141827117831,-19.983036471654927,-203.38333333333333,129.73552536737316,1.0304120688211214,-13.536634982696599,655.700012207031
919.207142857143,41.58261769044927,-9.98604163981619,-29.85433716898163,31.616666666666674,-790.0320527576268,0.9764112143289232,-15.401751549116202,667.0
-1760.792857142857,-83.86737544309523,3.3438574328309514,-14.866537524511429,-225.38333333333333,-346.59943557012684,-2.0685879082906773,-15.192118288150855,663.0
-2121.792857142857,-102.41737658750444,-0.04214129306025072,-7.6178383362790285,-243.38333333333333,45.91863083612316,-1.3065878243673765,-15.768155158630439,658.400024414062
-1806.792857142857,-82.41737468015583,-5.1722415433043505,-19.099737597753627,-198.38333333333333,472.21745896112316,-1.1535879464376766,-14.916573644748755,657.5
-836.792857142857,-40.51737315427694,-10.12104163027945,-23.778936816503627,-160.38333333333333,-239.70295119512684,0.45441185519812244,-10.243601382843089,659.299987792969
-1426.792857142857,-66.76737696897425,-1.1691421017760497,-8.859037829687225,-113.38333333333333,243.63347458612316,-0.833255419276977,-15.768155158630439,662.599975585938
-2113.792857142857,-101.71737582456504,2.870459224212752,-18.491636706640328,-245.38333333333333,-122.09748244512684,-1.1075884194600771,-15.768155158630439,666.799987792969
-1274.792857142857,-62.49737651121053,-1.2076419339293505,-8.220735980321926,-40.383333333333326,-100.92218947637684,-0.14958823635467766,-13.33093196260078,661.299987792969
-1376.792857142857,-63.95737559568313,-3.7948420987242706,-1.4887375367184248,-190.38333333333333,-28.243478538876843,-2.7323376031148765,4.998618065246561,668.299987792969
-1805.792857142857,-83.06737620603474,0.6057583346253494,10.580262707422172,-176.38333333333333,19.513357398623157,-4.765588411830677,-13.581034721008368,670.099975585938
-397.792857142857,-14.76737315427674,-10.32994160510245,-31.336037112524128,-45.383333333333326,287.20036911737316,1.6394113211404218,-2.141979278198338,661.799987792969
-2357.792857142857,-114.86737639676964,-8.77864155627432,-19.275637103368826,-222.38333333333333,-430.50812697637684,2.3924115805399246,-2.484022201171939,659.299987792969
-2319.792857142857,-113.56737620603474,-9.038941715728669,-12.019136859228226,-218.38333333333333,-611.9754121326268,0.9554113058817215,-13.826407612434458,657.0
376.207142857143,30.152625014668274,-4.62704119540396,-10.894937945654029,4.616666666666674,337.59245896112316,2.584212651706924,7.293410240539462,661.599975585938
-1662.792857142857,-81.10737712156204,7.71205773495495,2.600163983056973,-189.38333333333333,5.833181617373157,-3.482588419460077,-15.147037149540015,654.599975585938
5081.2071428571435,198.23261158693424,-8.77384171343985,-28.775336695959126,510.6166666666667,-603.3533418201268,3.3036111502420233,-12.512642921081609,665.400024414062
-1866.792857142857,-93.56737620603474,-2.4352420315856502,-14.332037402441127,-249.38333333333333,-169.21711135137684,-2.885588297389777,-15.768155158630439,665.799987792969
-920.792857142857,-40.06737620603474,-4.756541584503079,-15.665436221410829,-97.38333333333333,-179.39777541387684,-0.14958823635467766,-13.543330730072089,663.900024414062
7221.2071428571435,360.23261158693424,-9.91104159213248,-14.061537219335627,809.6166666666667,-230.95197463262684,5.559161534763522,2.7902211536254597,665.799987792969
-2499.792857142857,-124.06737620603474,-3.9437411770934094,5.682363079736675,-293.3833333333333,-1295.9912812732568,-4.677588114284378,-9.566604674926829,662.299987792969
7990.2071428571435,436.44263355959026,-10.70764169551077,-16.328636599828826,846.6166666666667,61.64275192987316,9.713031163669722,2.6893262256468624,664.0
1892.207142857143,107.51262562502026,-9.540841673385529,-13.622436953832729,190.61666666666667,115.14128708612316,1.4412130026590226,16.304396568664462,663.400024414062
-2048.792857142857,-99.62737567197713,-1.3494418606871506,-14.532837344457729,-189.38333333333333,-132.76300978887684,-0.019588121913777456,-11.80263811456306,674.200012207031
-59.792857142856974,8.932623793965263,-7.75964150286856,-19.958136035253627,22.616666666666674,87.59245896112316,2.0528577475320233,-0.43144804345713794,660.900024414062
3393.207142857143,157.73261158693424,-6.85104164935294,-8.704534961034824,452.6166666666667,413.73894333612316,6.779412618137524,11.89707273138416,667.400024414062
-1958.792857142857,-95.56737620603474,-12.82994163490477,-30.835636569311227,-256.3833333333333,-308.53742385137684,7.5254110007059225,-3.230840743652438,661.5
12079.207142857143,571.8726262353713,0.28405823849494993,1.0181632506350695,1658.6166666666668,-342.89631057012684,3.003287663913923,-3.087980331054739,667.400024414062
3972.207142857143,175.93262379396526,-12.04924163676444,-29.616636706640328,402.6166666666667,-565.1116426013768,9.713412633396324,-8.860110820404119,664.0
-1953.792857142857,-95.36737544309523,-13.24604163027945,-12.853336764623727,-216.38333333333333,-769.1023652576268,6.640412679172723,-0.8051930080567384,663.400024414062
-170.79285714285697,-4.997376511210732,-7.2273415074462,-20.10173649912083,-110.38333333333333,-82.81623244512684,3.4802449850809225,-4.498829902282738,665.299987792969
-2484.792857142857,-121.06737620603474,-9.07934174395743,-0.26083607797822594,-289.3833333333333,-805.0545136951268,-4.677588114284378,-6.045932830444398,660.400024414062
-2055.792857142857,-99.46737582456504,-6.25304159976187,-29.49543709879123,-255.38333333333333,-9.779611351376843,2.1914113669168245,-12.452273906341619,661.299987792969
-1907.792857142857,-93.33737666379844,-11.3966415867919,-26.211136294653027,-221.38333333333333,233.20281052362316,3.276412358738124,-15.074673892131873,664.099975585938
-1636.792857142857,-82.09737498533164,-9.51624164439383,-21.822136355688126,-143.38333333333333,-696.4988496326268,-4.200587877773076,-10.627026141754218,661.900024414062
5803.2071428571435,231.43262379396526,-6.85374150134268,-21.721336795141326,-303.3833333333333,85.28191208612316,-1.218921312831677,-10.79898983346565,669.5
-2384.792857142857,-118.06737620603474,2.3277584566956495,-4.541338397314128,-288.3833333333333,-194.03449416387684,-2.676587709926377,-8.800942004791327,661.200012207031
4487.2071428571435,227.75263111818424,-10.64704165316763,-31.429036570837127,481.6166666666667,-304.33674025762684,5.6198400168192215,-7.772090018859929,665.799987792969
-1798.792857142857,-82.40737635862263,-2.8341420636290504,-12.096537066747729,-208.38333333333333,-406.37726760137684,-1.1365877480733761,-15.286227435937949,671.299987792969
-2468.792857142857,-118.18737609159383,0.12975850247205045,8.797963665674175,-265.3833333333333,1557.9386503673732,-3.4905878396261762,-13.268155158630439,666.799987792969
-1040.792857142857,-45.66737468015583,-6.44754156924429,-24.12423749094213,-83.38333333333333,-10.691232445126843,3.354411473728323,-11.926845134368968,662.400024414062
-356.792857142857,-20.317376206034737,-9.196741436492829,-28.64013714914523,3.6166666666666742,-130.04181838262684,2.015412679172723,-14.447732628456178,666.599975585938
-1203.792857142857,-57.237374374980035,-8.15344176150504,-24.875036670019227,-238.38333333333333,-312.93879103887684,2.1914113669168245,-10.85587459909065,664.599975585938
-2383.792857142857,-116.51737601529983,-4.2664416775817,-31.644036723425028,-273.3833333333333,1419.6588652111232,0.2554114966165226,-15.768155158630439,662.700012207031
-1279.792857142857,-63.85487468015583,-11.24454173899832,-36.032136393835145,-44.383333333333326,-699.4177949451268,0.25066219852082305,-15.545768202415534,667.900024414062
-2228.792857142857,-107.06737620603474,0.5548588290101506,-14.840937091161827,-238.38333333333333,166.43816208612316,0.4354118017923234,-15.768155158630439,666.0
2003.207142857143,116.11261646974626,-6.20904145098868,-21.063236666967427,333.6166666666667,354.30632614862316,5.153411260105322,2.0859040607299626,666.599975585938
-2404.792857142857,-120.06737620603474,-7.88894162036124,-9.437338305761429,-288.3833333333333,-569.8933808826268,-5.607588419460116,-11.30386930810554,675.700012207031
-2052.792857142857,-98.06737620603474,-9.25294170237723,-16.580236865331727,-211.38333333333333,-405.01496291387684,-4.200587877773076,-6.219543517700259,671.0
-2177.792857142857,-104.06737620603474,-4.598541592132479,-32.953536464025525,-228.38333333333333,387.99480271112316,1.0044110922586214,-11.777024329773019,664.5
-1728.792857142857,-78.31737620603474,-11.14424166537466,-20.36893696909153,-158.38333333333333,-120.57306838262684,6.6504110007059225,4.898510872253361,668.5
-2510.792857142857,-123.56737620603474,-4.91274199343863,6.96146159047877,-293.3833333333333,-861.1507051013768,-6.382588037990386,-8.141036571136539,669.099975585938
-1171.792857142857,-55.93737895261674,-7.26374182559195,-1.7412361634274305,-303.3833333333333,315.12029099237316,4.680411687351423,11.68551725042716,671.599975585938
2105.207142857143,103.68262379396526,-10.63824162341299,-25.332737399389327,282.6166666666667,-389.46759963262684,3.5106424002420233,-4.910529197326738,672.400024414062
674.207142857143,17.432623793965263,-8.5836418614501,-27.75093693857393,75.61666666666667,-343.02668166387684,2.8020776419412243,-10.742421210876529,672.099975585938
3426.207142857143,157.85263722169924,-7.63264164782706,-14.620136691381528,236.61666666666667,-482.69025588262684,8.350787511326022,-1.5319862972412395,669.700012207031
-2204.792857142857,-105.76737696897423,-9.708341692459019,-29.375036670019227,-264.3833333333333,1404.2853300548732,6.822411885715624,-15.532306105962821,657.700012207031
172.20714285714303,10.232626845723274,-8.212141846191319,-21.606337024023127,311.6166666666667,-106.46564650762684,5.229411473728323,-13.69746619569404,665.400024414062
-2441.792857142857,-119.3073759771529,4.307158137786949,-0.024336291601230187,-266.3833333333333,-954.5813691638768,-5.831588396571927,-7.212005675903388,674.099975585938
-2499.792857142857,-122.46737630140217,0.7074581637268498,-17.573437167455726,-286.3833333333333,-116.48859572637684,-3.482588419460077,-15.768155158630439,669.5
-2440.792857142857,-120.06737620603474,-6.86304173327628,-8.00313801889623,-262.3833333333333,689.6642363048732,3.4824117331278224,-10.98092085229499,666.5
-1416.792857142857,-63.16737468015583,8.94865861080945,1.4168639647463692,-187.38333333333333,-221.81965041387684,-4.765588411830677,-11.807759107223578,670.700012207031
-32.792857142856974,6.282629897481257,-10.24144158221426,-25.175236178686227,-54.383333333333326,-200.01740432012684,0.20241200015662386,-14.18880230294807,670.799987792969
2296.207142857143,124.82861988771526,-9.424941633712681,-32.530436946203324,449.6166666666667,-25.052560570126843,6.315139165378724,-12.17424661027534,668.599975585938
3628.207142857143,159.56262867677725,-11.08254155970755,-29.19243664865693,626.6166666666667,-422.92756057012684,5.779162755466622,-7.041928351989819,671.299987792969
-1760.792857142857,-84.06737620603474,-8.522541855346589,-25.696037722875626,-181.38333333333333,-194.27716994512684,-0.14958823635467766,-15.768155158630439,668.0
1158.207142857143,57.03262989748126,-9.99804172373953,-36.36093659525116,630.6166666666667,-193.28449416387684,3.8004125265848216,-15.504093886486121,668.299987792969
3794.207142857143,177.31262867677725,-10.31614169932547,-30.43923707132543,551.6166666666667,-520.1961152576268,2.3034127859842215,-14.320233644119329,671.799987792969
-1950.792857142857,-94.22737605344685,-10.7386415944213,-28.776036692907425,-256.3833333333333,137.69597458612316,-0.14958823635467766,-15.62066254126174,665.700012207031
-2466.792857142857,-120.66737658750446,3.7130590929871516,-10.787138415624725,-280.3833333333333,-101.68293166387684,-4.673588404201277,-15.768155158630439,663.599975585938
5900.2071428571435,278.6326360009963,-11.05354151583853,-33.00393719797333,530.6166666666667,-596.9617402576268,5.422467580295724,-12.063148797622748,674.599975585938
-766.792857142857,-39.97737986814414,-10.41634163714591,-23.61603779916963,-72.38333333333333,-680.3391816638768,6.249411931492023,-15.49962669717414,670.700012207031
-1176.792857142857,-58.56737620603474,-10.82004151202383,-34.29103703623013,-120.38333333333333,-283.84601760137684,2.3394120840799246,-15.768155158630439,664.200012207031
-2473.792857142857,-121.06737620603474,-12.60084161616507,-32.44713730936253,-271.3833333333333,383.05925583612316,2.3924115805399246,-11.252026141754218,671.599975585938
-92.79285714285697,-1.9573755956827341,-11.21324167109671,-42.67243690614899,39.616666666666674,-808.1126191638768,12.499411931492023,-13.323360265365668,668.0
-2061.792857142857,-98.98737628232864,-8.35094151354971,-15.684236956884426,-200.38333333333333,-155.97052932012684,3.276412358738124,-15.768155158630439,670.200012207031
-1675.792857142857,-76.46737773191364,-5.2584417805785195,-10.784037066747729,-168.38333333333333,121.10661911737316,-1.053588518642277,-15.768155158630439,676.5
-2332.792857142857,-113.63737590085894,-7.65394148684683,-18.718437625219426,-261.3833333333333,-57.77570510137684,7.4414113669168245,-10.36274963723762,670.099975585938
-2430.792857142857,-120.06737620603474,-10.79504165507498,-31.96013684396943,-279.3833333333333,-719.2107636951268,-2.676587709926377,-15.768155158630439,672.200012207031
-2410.792857142857,-118.96737582456504,-11.00384173251334,-19.593136264135428,-254.38333333333333,-991.7288301013768,-4.078588137172478,-9.346137107482978,675.700012207031
-1894.792857142857,-93.06737620603474,-11.22174153186026,-31.884736491491427,-186.38333333333333,-391.63019728887684,1.6394113211404218,-9.228645862213199,669.299987792969
-2439.792857142857,-117.46737582456504,-11.17354163981619,-12.58083577280243,-253.38333333333333,1593.4615995861232,2.3924115805399246,-1.4824400554810389,667.0
-100.79285714285697,9.242621352559269,-11.90394160605612,-42.25963683252533,178.61666666666667,417.49675583612316,10.305411687351423,-12.089357675186228,671.5
358.207142857143,25.102621962910263,-11.20384154177847,-33.52343697672093,-13.383333333333326,-487.20539260137684,3.409411778904122,-15.265979052654334,670.5
-2420.792857142857,-118.06737620603474,-3.8563416943663604,-11.84143681650363,-282.3833333333333,75.76286911737316,-1.8735882134664763,-15.768155158630439,666.599975585938
-2249.792857142857,-105.96737582456504,-10.34364161349478,-22.54163594370083,-274.3833333333333,-178.58039260137684,-0.13658774807337615,6.923138557800261,676.599975585938
-2483.792857142857,-119.76737601529987,-7.03914151049796,-44.70523686533173,-276.3833333333333,33.74870896112316,3.8004125265848216,-15.768155158630439,677.299987792969
-1922.792857142857,-91.32737452756794,-10.65234169818106,-21.650436831762427,-200.38333333333333,-523.0984590076268,-1.6045881600606773,-15.626512096396514,672.5
-1750.792857142857,-81.16737468015583,-11.87104163027945,-28.955236865331727,-198.38333333333333,17.374685523623157,2.1914113669168245,-13.03466993676765,669.799987792969
-2034.792857142857,-95.88737590085893,-0.9771417126769499,-19.32703633432583,-228.38333333333333,58.76531052362316,-3.482588419460077,-14.084653438201968,668.400024414062
-2489.792857142857,-121.71737630140217,7.61725869320685,22.201264904687775,-263.3833333333333,458.97624802362316,-2.043588289760377,-15.768155158630439,672.200012207031
-539.792857142857,-26.287377426737734,-10.72754154063406,-30.66823716287813,14.616666666666674,-318.77277541387684,1.039412847019424,-15.624545783868857,679.299987792969
-2302.792857142857,-112.78737551938923,-8.95154175616446,-33.66233677988253,-261.3833333333333,-458.36945510137684,3.309411397434424,-15.768155158630439,679.900024414062
-2112.792857142857,-107.56737620603474,-12.277041648399262,-16.992037249853226,-253.38333333333333,-919.7278535388768,8.416411748386523,-4.721643508545039,673.200012207031
-2179.792857142857,-103.56737620603474,-0.5187419400328501,3.7795615660647712,-253.38333333333333,572.0245878673732,-2.382588037990377,-15.768155158630439,681.099975585938
-2331.792857142857,-113.71737582456504,-10.8891416535491,-40.66483683710297,-233.38333333333333,-1038.4143769763768,-1.4105879159200772,-15.768155158630439,675.5
-1049.792857142857,-48.827378342265234,-7.69044146395865,-22.92493672495083,-138.38333333333333,-165.62336135137684,0.1114123968851235,-15.704823934606143,677.400024414062
-2245.792857142857,-108.61737544309524,-7.2408417210692395,-34.52243657236293,-254.38333333333333,39.11540817987316,0.06441151187532235,-15.768155158630439,673.200012207031
-2547.792857142857,-123.96737630140217,-9.63154158450308,-44.70523686533173,-289.3833333333333,2355.164236304873,7.212411275364122,-15.768155158630439,671.5
2630.207142857143,133.16263478029327,-10.85014161921683,-25.61413617258273,397.6166666666667,-30.698556663876843,8.489510884739122,-0.708257735839938,678.599975585938
-668.792857142857,-20.10737712156174,-11.30434164859,-40.975036813070375,-80.38333333333333,56.09538864862316,9.286412587619925,-14.288563312164378,674.700012207031
-2477.792857142857,-120.16737658750446,-10.59704170085135,-36.09593720560272,-272.3833333333333,1116.8497831798732,20.857411733127826,-13.11914855348212,682.200012207031
-1682.792857142857,-79.89737803708944,-11.0676415906066,-38.16993708734711,6.616666666666674,75.05144333612316,18.138413777805525,-14.288239778152528,676.200012207031
78.20714285714303,11.952628066426257,-8.10644183016959,-25.47443623666963,-3.3833333333333258,-76.63263869512684,5.163634648777222,-11.29826217996223,680.799987792969
-1709.792857142857,-82.17737681638633,-12.19674167491141,-44.70523686533173,-162.38333333333333,-482.51105666387684,4.817412724949023,-15.441713363996573,679.400024414062
-1683.792857142857,-83.06737620603474,-9.00614151812735,-34.053737117101726,-87.38333333333333,-223.69953322637684,4.0299123434793245,-13.228472531906199,674.400024414062
-1890.792857142857,-89.36537654172814,-13.24604163027945,-44.027736855794984,-83.38333333333333,77.71062302362316,20.857411733127826,-15.226149738899299,676.700012207031
-2464.792857142857,-118.55737597715293,-10.89314160205069,-31.76403660898403,-268.3833333333333,1276.0231230236232,7.546746602512524,-4.182788909545939,679.799987792969
-2461.792857142857,-118.14737612974083,-12.725241635810761,-33.24693722849093,-274.3833333333333,884.2872831798732,2.3924115805399246,-4.390910209289638,681.799987792969
-2503.792857142857,-121.98737628232868,-9.24604163027945,-30.305237246801425,-278.3833333333333,-666.9944551013768,-1.1395880074727778,-15.768155158630439,674.700012207031
-1537.792857142857,-67.00737483274374,-12.709341619979767,-44.168536855032045,-190.38333333333333,1177.5211698986232,25.776410451389523,-14.393269718757699,674.0
-2494.792857142857,-123.06737620603474,-12.499741648208527,-40.9739367497464,-276.3833333333333,-217.44855666387684,6.640412679172723,-13.52934914933784,682.5
-2028.792857142857,-97.06737620603474,-10.55194172717276,-15.386736346532928,-248.38333333333333,-470.44904494512684,0.7474111227762243,-10.43482166635139,684.900024414062
-825.792857142857,-29.467377731913643,-11.32184157229605,-41.083236886312555,-20.383333333333326,1002.9049589611232,10.420411458469623,-12.994999230972358,679.5
-2470.792857142857,-121.26737601529987,0.5039583697205501,-28.455236865331727,-288.3833333333333,86.97575974237316,5.157412877536924,-15.768155158630439,678.0
-236.79285714285697,-1.84737498533174,-11.82464167929831,-38.434337092687684,135.61666666666667,117.06609177362316,20.493413320041824,1.9575967182006622,684.299987792969
-2102.792857142857,-101.04737574827104,-9.25364169932547,-33.298436595251125,-270.3833333333333,331.87859177362316,-1.7495876641500772,-15.768155158630439,682.299987792969
-2487.792857142857,-122.15737635862263,-3.1741412625426495,-35.3527369034787,-259.3833333333333,747.8492948986232,4.7724126486551235,-15.768155158630439,688.200012207031
-2393.792857142857,-116.46737582456504,-8.585041855346589,-38.773036910345155,-273.3833333333333,7.146169898623157,2.9664128927957236,-15.342623264661857,680.200012207031
651.207142857143,29.33261769044927,-10.49374160624686,-36.845936728765565,102.61666666666667,-492.50373244512684,9.923127522922723,-9.701081813446109,687.400024414062
-1374.792857142857,-72.06737620603474,-11.6637416825408,-32.20523686533173,-303.3833333333333,-104.18146682012684,9.746411672092623,-5.640564025512738,683.700012207031
-1680.792857142857,-75.50737483274374,-11.45284161425772,-42.80653686647614,-148.38333333333333,547.5573027111232,15.311911931492023,-12.39262777673347,679.900024414062
12599.207142857143,579.7626408838092,-11.53064164973441,-40.01433701639374,1928.6166666666668,-349.67072463262684,12.158627858616022,-7.119612754455639,690.299987792969
-2547.792857142857,-124.21737630140217,0.006958629119949933,-24.22333760385713,-282.3833333333333,2301.971853492373,15.523412099338724,-3.422475875488338,681.299987792969
139.20714285714303,12.332617690449268,-12.797941629659562,-41.91313691263398,236.61666666666667,254.06023239862316,18.84291206882112,-14.178559840789859,686.599975585938
-2093.792857142857,-98.06737620603474,-13.16604163206759,-43.9852368367215,-219.38333333333333,1727.5416777111232,27.913411488987123,-14.272828043571538,688.599975585938
-86.79285714285697,17.232626845723274,-12.419941638481049,-35.027837230016786,100.61666666666667,1291.6564238048732,12.631162038303522,-5.382632316223239,695.0
-688.792857142857,-17.24737651121073,-12.833641623031525,-40.78773684625824,-38.383333333333326,867.7413847423732,34.62241112277622,-9.634134830108708,690.099975585938
-1569.792857142857,-63.947373459452734,-12.396141623031525,-43.288836909582216,-31.383333333333326,1148.2496855236232,40.01141106174102,-13.501866162887639,692.0
-288.792857142857,3.1326207422072514,-11.66484162665549,-42.26933689241608,99.61666666666667,1102.9474394298732,20.164410939670724,-13.289522708526679,694.900024414062
840.207142857143,43.27262013185626,-13.24604163027945,-44.53183686559399,192.61666666666667,-81.53058791387684,18.98441063449492,-14.874525905719825,691.700012207031
-522.792857142857,-13.76737315427674,-11.53664157248679,-42.093636943151544,-3.3833333333333258,525.7643339611232,23.31198250339142,-13.34650284158332,695.299987792969
-2150.792857142857,-96.19737727414994,-13.24604163027945,-44.70523686533173,-191.38333333333333,2399.099294898623,20.025411000705923,-12.002464831939768,689.299987792969
-743.792857142857,-30.64737803708944,-13.195441630553631,-44.40193687205513,-62.383333333333326,280.35759567987316,15.735411992527222,-13.80529040204627,695.700012207031
-206.79285714285697,10.402625014668274,-13.24604163027945,-44.58133686905106,162.61666666666667,620.7467558361232,24.947411885715624,-15.190120519271918,697.299987792969
-1310.792857142857,-42.00737864744093,-13.094341625344185,-44.70523686533173,108.61666666666667,2280.998220679873,20.493413320041824,-12.96087128030402,701.099975585938
-2408.792857142857,-116.73737628232864,-12.791541640531449,-44.70523686533173,-281.3833333333333,1188.0421659923732,27.913411488987123,-14.404518784156869,703.599975585938
-1941.792857142857,-84.47737605344685,-12.941141639720826,-44.70523686533173,-94.38333333333333,1904.8556425548732,35.36041008517852,-14.603671849838328,699.900024414062
-287.792857142857,-4.977379868143743,-13.075141628157525,-44.10723687534531,-17.383333333333326,80.23113083612316,25.085412373996924,-13.717749417892518,701.700012207031
-1644.792857142857,-69.33737666379844,-13.144441631507306,-41.148336840917665,-108.38333333333333,1977.9313261486232,13.400411000705923,-9.772220195404119,707.700012207031
1095.207142857143,79.41261952150427,-12.171941612731839,-43.20143683080872,417.6166666666667,429.05534958612316,26.417519917942222,-11.04205423699958,709.5
-2187.792857142857,-108.91737658750444,-9.6825417027587,-7.511434985448929,-258.3833333333333,-909.5759980701268,8.416411748386523,8.49488347662346,641.700012207031
-2527.792857142857,-124.06737620603474,-1.3648417935484503,14.70066218251987,-289.3833333333333,-536.0711152576268,-5.364588388942536,-12.797858060470649,676.5
-850.792857142857,-35.66737468015583,-6.32254156924429,2.8659644591311704,9.616666666666674,680.9850370861232,-2.8145881982076766,-10.76253086434943,651.0
